technology,sports,lifestyle,health,entertainment,business,education,politics,food,travel,astrology,religion & spirituality,webstories,startup,world-news,indian,unique-storys,Automobile,Places,MISC
tech,cricket,fashion,fitness,bollywood,finance,exam,bjp,recipe,travel,astrology,religion,webstory,startup,international,india,viral,car-news,amaravathi,aadhaar-updatesfree
tech-news,football,life-and-style,heart,hollywood,stock,result,congress,cooking,tourism,rashifal,temple,visualstory,founder,world,bharat,weird,bike,belagavi,
tech-today,kabaddi,relationship,doctor,tv,market,cbse,aap,kitchen,destination,kundli,mandir,web-story,vc,global,nation,strange,Automobile,bengal,achievements
techfacts,ipl,beauty,disease,cinema,money,neet,election,eat,trip,zodiac,spirituality,webstories,,global-news,national,unique,auto,bengali,advice
technology-science,sports-news,grooming,corona,ott,business-news,education-news,minister,food-news,visit,jyotish,mantra,amp-story,funding,america,indian,meme,car,bengaluru,agri-info
tech,badminton,apply-gel,acidity-prevent,rerelease,biz-news,admission-alert,congress-modi,beef-vidhalu,adventure,astro,puja,ampstory,Startup,america-trump,indian,,cars,bengal,agriculture
tech-news,chess,armpit-stench,acidity-ulcers,bigg-boss,bizz-impact,admissions,politics,beetroot-halwa,adventure-trip,astrological-remedies,path,amp-storyies,Entrepreneur,asia,desh,,bikes,bengali,
tech-today,hockey,art,apply-gel,bollywood,business,board-results,BJP,berry-up-prepared,,daily-horoscope,dharm,ampstoryies,Founder,bangladesh,,,,bengaluru,articles
tech-trend,olympics,advice,armpit-stench,bollywood-news,business-economy,career,INC,breakfast-rice-flour,,astro,devotional,web-stories,Co-founder,britain,,,,bengaluru-city,award-
techfacts,other-sports,art-and-culture,arrowroot-benefits,box-office,business-news,career-guidance,BSP,bullseye-sandwich-prepare,,astrology,dharm,,Startup Ecosystem,gulf-news,,,,bengaluru-urban,e-paper
technology,others-sports,home-decor,breakfast-healthy,celebrities,business-photos,career-jobs,CPI,burmese-egg-bajo,,gemini,prayers-work-attention,,Bootstrapping,gulf,,,,bhopal,edit-oped
technology-gadget,pickleball,homemade-ice,beetroot-health,celebrity,commodities,career-news,CPI,eggplant,,horoscope,religion & spirituality,,Seed Funding,pravasi,,,,birbhum,exclusives
technology-science,sports,homemadeice-cream,acidity-prevent,celebrity-interviews,commodity,careers,NPP,easy-dosa,,horoscopes,spiritual,,Angel Investor,pravasi-america,,,,himachal-pradesh,events
ai,sports-life,life,acidity-ulcers,cine-world,corporates,air-forcevacancies,AAP,easy-rice-crackers,,leo,spirituals,,Venture Capital,pravasi-europe,,,,hyderabad,environment
artificial-intelligence,tennis,life-style,apply-gel,cinema,biz-news,admission-alert,TMC,food,,libra,,,Series A,world-news,,,,jagtial,expert-advice
science,wwe,lifestyle,armpit-stench,art,bizz-impact,admissions,DMK,food-drink,,love-horoscope,,,Series B,,,,,jodhpur,fact-check
artificial intelligence,,men,arrowroot-bemefits,box-office,business,achievements,AIADMK,fried-ice-cream,,pisces,,,Series C,,,,,jodhpur-news,factcheck
ai,,motherhood,benefits-drinking-milk,celebrities,business-economy,career,SS,fruits-lose-weight,,scorpio,,,Incubator,,,,,kannauj-news,family
artificial-intelligence,,women,carrot-benefits,celebrity,crypto-insight,career-and-education,NCP,healthy-idiyappam,,vaastu,,,Accelerator,,,,,kannur,family-and-welfare
gadgets,,parenting,benefitscloves,celebrity-interviews,cryptonow,career-guidance,SP,healthy-drinkboost-energy,,vaastu-fengshui,,,Pitch Deck,,,,,kasaragod,fathersuccess-hardest-crisis
gadgets-and-appliances,,partner,benefitsgooseberry,entertainment,currency,edu-news,RJD,kaplandi-chutney,,virgo,,,Startup Valuation,,,,,khammam,focus
mobile-phones,,pregnancy-parenting-tips,benefitskovakka,entertainment-news,economy,education,JD(U),lets-prepare-bradballs,,worship,,,Exit Strategy,,,,,khandwa-news,formula-1
mobiles,,pregnant-taken-care,benefitsturmeric,film,economics,education-career,BJD,lets-prepare-coconutrice,,,,,Unicorn,,,,,kochi,gerard-butler-163074
science,,shopping,blood-pressureginger-tea,Filmy,gold-price-increase,education-careers,BRS,lets-prepare-duckroast,,,,,Decacorn,,,,,kodagu,good-news
technology,,society-culture,cancer,movie review,gold-prices-state,education-jobs,YSRCP,lets-prepare-kappaputtu,,,,,Startup IPO,,,,,kolkata,guts-163033
,,society,breakfast-healthy,webseries review,gold-silver-price,education-today,SAD,lets-prepare-kingfishfry,,,,,Burn Rate,,,,,kollam,gwalior-news
,,culture,drink-black-tea,kollywood,government-policy,employment,AIMIM,lets-prepare-kumbilappam,,,,,Runway,,,,,koppal,hindi
,,,drinking-energy-drink,magazine,government-schemes,gk-current-affairs,JMM,lets-prepare-mathifry,,,,,Pivot,,,,,lucknow,husband-arrested-murder
,,,fatty-liver,movie-celebrities,industry,gk-update,IUML,oatmeal-soup,,,,,Minimum Viable Product,,,,,madhya-pradesh,information
,,,health,movie-news,invest,high-schools,GFP,paneertikka,,,,,MVP,,,,,madhyapradesh-rape-case,ingredientssoup
,,,health-benefits-plums,movie-review,ipo,history,MGP,papaya-benefits,,,,,Product-Market Fit,,,,,malda,initiatives
,,,health-fat,movie-reviews,rbi-repo-rate,history-of-it,GJM,papaya-juice-benefits,,,,,Scalability,,,,,medak,interview
,,,health-life,movies,nifty,it-jobs,GNLF,payar-benefits,,,,,Disruption,,,,,murshidabad,interviews
,,,health-news,music,stock-market,jobs,Lok Sabha,pineapple-jam-prepare,,,,,Innovation,,,,,mysore,ireland
,,,hair-carecamphor,news-entertainment,share-market,job-openings,Rajya Sabha,pizza,,,,,Lean Startup,,,,,mysuru,jokes
,,,healthyskin,review,share-bazaar,knowledge,MLA,pizza-home,,,,,Startup Mentor,,,,,namakkal,jokes-in-bangla
,,,home-remedies,reviews,bse,private-jobs,MP,prepare-coconut-rice,,,,,Equity,,,,,nilgiris,konspecial
,,,homecaramel-tea,shobhana-films,nse,state-government-jobs,Chief Minister,prepare-madrasi-chutney,,,,,Cap Table,,,,,nizamabad,korean
,,,ice-apple-benefits,south-movie,personal-finance,study-abroad,Prime Minister,prepare-pazhampori,,,,,Term Sheet,,,,,north-24-paraganas,lallankhas
,,,juices-lower-cholesterol,actor,economy,today-in-history,Election Commission of India,preparechickpea-milkshake,,,,,Due Diligence,,,,,north-24-parganas,nrinews
,,,kakkirikka-health,,,,Model Code of Conduct,preparedye,,,,,Startup Pitch,,,,,north-bengal,obitury
,,,lavender-tea-benefits,,,,President's Rule,preparemixture-sweets,,,,,Crowdfunding,,,,,north-bengal-news,online-views
,,,lose-weight-food,actress,,,Coalition Government,prepareveggie-sandwich,,,,,Incubation Center,,,,,north-east,others
,,,lychee-fruit,television,,,Hung Assembly,puli-benefits,,,,,Startup Grant,,,,,puducherry,people
,,,obesity-teas,tips-reviews,,,Manifesto,pulicheppam-make,,,,,Startup India,,,,,purulia,police-and-intelligence
,,,pcos-health,tollywood,,,Voter ID,pumpkin-seeds,,,,,Business Model,,,,,salem,
,,,protect-teeth,web-series,,,Delimitation,ragi-benefits,,,,,Customer Acquisition,,,,,sao-paulo-9345969,
,,,proteinsoup,webseries,,,Bye-Elections,spoon-honey,,,,,User Retention,,,,,shivamogga,
,,,roast-jackfruit-seeds,,,,EVM,sweet-milkshake,,,,,Growth Hacking,,,,,siddipet,
,,,saffron-milk,,,,VVPAT,sweetjalebi,,,,,Tech Startup,,,,,south-24-parganas,
,,,sapodilla-hair-loss,,,,pm,tasty-hut,,,,,D2C Brand,,,,,south-bengal,
,,,sardine-fish-benefits,,,,cm,tastychicken-curry,,,,,B2B Startup,,,,,tamil,
,,,seed-skin-watermelon,,,,Hindutva,tastypancake,,,,,B2C Startup,,,,,tamil-nadu,
,,,semiya-uppuma,,,,Secularism,thennellikka-benedits,,,,,software as service,,,,,tamilnadu,
,,,sharjah-shake-tasty,,,,Socialism,,,,,,Fintech,,,,,telangana,
,,,shrimp-prepared,,,,Communalism,,,,,,Healthtech,,,,,telangana-news,
,,,simple-bread,,,,Nationalism,,,,,,Edtech,,,,,tenkasi,
,,,soup-health-problems,,,,Federalism,,,,,,Startup Exit,,,,,thanjavur,
,,,specialrusk,,,,Liberalism,,,,,,Startup Failure,,,,,wayanad,
,,,supplement,,,,Populism,,,,,,Startup Funding,,,,,west-bengal,
,,,supplements,,,,Right-wing,,,,,,,,,,,west-bengal-news,
,,,thyroid-problems-women,,,,Left-wing,,,,,,,,,,,yadgir,
,,,turmeric-benefits,,,,Centrist,,,,,,,,,,,,
,,,vegetable-diabetics,,,,Progressivism,,,,,,,,,,,,
,,,walnut-health-benefits,,,,Conservatism,,,,,,,,,,,,
,,,weight-lossturmeric,,,,Farmer Protests,,,,,,,,,,,,
,,,yoga,,,,Caste-based Politics,,,,,,,,,,,,
,,,,,,,Reservation,,,,,,,,,,,,
,,,,,,,SC/ST Reservation,,,,,,,,,,,,
,,,,,,,OBC Reservation,,,,,,,,,,,,
,,,,,,,General-EWS Reservation,,,,,,,,,,,,
,,,,,,,Anti-Defection Law,,,,,,,,,,,,
,,,,,,,Article 370,,,,,,,,,,,,
,,,,,,,Kashmir Issue,,,,,,,,,,,,
,,,,,,,Triple Talaq,,,,,,,,,,,,
,,,,,,,NRC,,,,,,,,,,,,
,,,,,,,CAA,,,,,,,,,,,,
,,,,,,,Uniform Civil Code,,,,,,,,,,,,
,,,,,,,Swachh Bharat,,,,,,,,,,,,
,,,,,,,Digital India,,,,,,,,,,,,
,,,,,,,Make in India,,,,,,,,,,,,
,,,,,,,Demonetization,,,,,,,,,,,,
,,,,,,,Electoral Bonds,,,,,,,,,,,,
,,,,,,,Women's Reservation Bill,,,,,,,,,,,,
,,,,,,,Corruption,,,,,,,,,,,,
,,,,,,,Unemployment,,,,,,,,,,,,
,,,,,,,Inflation,,,,,,,,,,,,
,,,,,,,Freedom of Speech,,,,,,,,,,,,
,,,,,,,Environmental Protests,,,,,,,,,,,,
,,,,,,,Land Acquisition Issues,,,,,,,,,,,,