url,lang
https://www.aajtak.in/rssfeeds/news-sitemap.xml,hi
https://lalluram.com/sitemap-news.xml,hi
https://hindi.moneycontrol.com/sitemap/news_sitemap.xml,hi
https://www.zeebiz.com/hindi/sitemaps/news-sitemap.xml,hi
https://www.gadgets360.com/sitemapnews.xml,en
https://www.digit.in/google-sitemap.xml,en
https://www.livemint.com/sitemap/today.xml,en
https://www.ndtvprofit.com/news_sitemap.xml,en
https://www.bollywoodhungama.com/critic_sitemap/critic_review_sitemap.xml,en
https://www.pinkvilla.com/news-sitemap.xml,en
https://www.koimoi.com/news-sitemap.xml,en
https://www.downtoearth.org.in/news_sitemap.xml,en
https://www.autocarindia.com/news-sitemap.xml,en
https://www.cardekho.com/google-hindi-car-news-sitemap.xml,en
https://thehackernews.com/news-sitemap.xml,en
https://www.news18.com/commonfeeds/v1/hin/sitemap/google-news/today.xml,hi
https://hindi.latestly.com/google-news-sitemap.xml,hi
https://www.ap7am.com/sitemap-news.xml,te
https://bangla.aajtak.in/rssfeeds/news-sitemap.xml,bn
https://kannada.news18.com/commonfeeds/v1/kan/sitemap/google-news.xml,kn
https://malayalam.indiatoday.in/rssfeeds/news-sitemap.xml,ml
https://www.dinamalar.com/sitemap.xml,ta
https://www.eenadu.net/home_html/sitemap_news.xml,te
https://tamil.news18.com/commonfeeds/v1/tam/sitemap/google-news.xml,ta
https://telugu.news18.com/commonfeeds/v1/tel/sitemap/google-news.xml,te
https://www.andhrajyothy.com/sitemaps/news-sitemap.xml,te
https://tv9telugu.com/news-sitemap.xml,te
https://ntvtelugu.com/news-sitemap.xml,te
https://tamil.indianexpress.com/news-sitemap.xml,ta
https://www.hindutamil.in/feed/latest.xml,ta
https://news7tamil.live/news-sitemap.xml,ta
https://zeenews.india.com/malayalam/sitemaps/news-sitemap.xml,ml
https://malayalam.samayam.com/staticsitemap/malayalam/news/sitemap-today.xml,ml
https://bengali.abplive.com/news-15-07-2026.xml,bn
https://bengali.news18.com/commonfeeds/v1/ben/sitemap/google-news.xml,bn
https://www.herzindagi.com/Resources/lifestyle/xmls/sitemap/news-sitemap-hi_IN.xml,hi
https://www.herzindagi.com/Resources/lifestyle/xmls/sitemap/news-sitemap-en_US.xml,en
https://www.herzindagi.com/Resources/lifestyle/xmls/sitemap/news-sitemap-ta_IN.xml,ta
https://samacharnama.com/1-news-sitemap.xml,hi
https://www.timesnownews.com/google-news-sitemap-en.xml,en
https://newsable.asianetnews.com/news/sitemap.xml,en
https://www.republicworld.com/sitemap/sitemap-news.xml,en
https://www.indiatvnews.com/news-sitemap.xml,en
https://english.jagran.com/news-sitemap.xml,en
https://www.news9live.com/news-sitemap.xml,en
https://www.freepressjournal.in/google-news-sitemap.xml,en
https://news.abplive.com/news-15-07-2026.xml,en
https://www.indiatoday.in/news-it-sitemap.xml,en
https://www.moneycontrol.com/news/news-sitemap.xml,en
https://tv9kannada.com/news-sitemap.xml,kn
https://vijaykarnataka.com/staticsitemap/vk/news/sitemap-48hours.xml,kn
https://zeenews.india.com/kannada/sitemaps/news-sitemap.xml,kn
https://kannada.asianetnews.com/news/sitemap.xml,kn
https://vishwavani.news/sitemap/news-sitemap.xml,kn
https://www.madhyamam.com/news-sitemap-daily.xml,ml
https://keralaonlinenews.com/news-sitemap.xml,ml
https://www.sathyamonline.com/news-sitemap.xml,ml
https://bangla.hindustantimes.com/sitemap/news-sitemap.xml,bn
https://bangla.asianetnews.com/news/sitemap.xml,bn
https://zeenews.india.com/bengali/sitemaps/news-sitemap.xml,bn
https://www.malayalamtv9.com/news-sitemap.xml,ml
https://tv9bangla.com/news-sitemap.xml,bn
https://www.tv9hindi.com/news-sitemap.xml,hi
https://www.news9live.com/news-sitemap.xml,en
https://kannada.hindustantimes.com/sitemap/news-sitemap.xml,kn
https://telugu.hindustantimes.com/sitemap/news-sitemap.xml,te
https://www.newsnationtv.com/news-sitemap.xml,hi
https://www.newsnationtv.com/webstory_sitemap_2026-07-15.xml,hi
https://hindi.news24online.com/sitemap-news.xml,hi
https://hindi.news24online.com/webstories-sitemap.xml,hi
https://www.jansatta.com/news-sitemap.xml,hi
https://www.jansatta.com/web-stories/sitemap_2026-07-15.xml,hi
https://www.punjabkesari.in/newssitemap.xml,hi
https://www.indiatimes.com/sitemap-news.xml,en
https://www.timesnownews.com/staticsitemap/timesnowslideshow/2026-जुलाई.xml,en
https://www.businesstoday.in/rssfeeds/news-sitemap.xml,en
https://www.businesstoday.in/visualstories/webstories-sitemap.xml,en
https://www.thedailyjagran.com/news-sitemap.xml,en
https://www.republicworld.com/sitemap/sitemap-news.xml,en
https://navbharattimes.indiatimes.com/staticsitemap/nbt/news/sitemap-48hours-1.xml,hi
https://www.naidunia.com/nd-webstories-sitemap-2025-06.xml,hi
https://hindi.economictimes.com/staticsitemap/ethindi/news/sitemap-48hours.xml,hi
https://www.india.com/google-news-sitemap.xml,en
https://www.india.com/sitemap-webstory-english.xml,en
https://www.india.com/hindi-news/sitemap.xml,hi
https://www.india.com/sitemap-webstory-hindi.xml,hi
https://www.thelallantop.com/sitemaps/news-sitemap.xml,hi
https://www.thelallantop.com/visualstories/webstories-sitemap-v1.xml,hi
https://www.patrika.com/googlenewssitemap1.xml,hi
https://www.vishvasnews.com/post-sitemap.xml,hi
https://www.vishvasnews.com/xml_feed/seo/newssitemapenglish.xml,en
https://www.vishvasnews.com/xml_feed/seo/newssitemapmalayalam.xml,ml
https://www.vishvasnews.com/xml_feed/seo/newssitemaptelugu.xml,te
https://www.vishvasnews.com/xml_feed/seo/newssitemaptamil.xml,ta
https://www.tribuneindia.com/sitemap-news.xml,en
https://www.newindianexpress.com/news_sitemap.xml,en
https://icifmede.com/post-sitemap.xml,en
https://www.bhadas4media.com/wp-sitemap-posts-post-1.xml,hi
https://people.com/google-news-sitemap.xml,en
https://www.dinamani.com/news_sitemap.xml,ta
https://hindi.newsbytesapp.com/sitemap/googleNews/sitemap.xml,hi
https://www.newsbytesapp.com/sitemap/googleNews/sitemap.xml,en
https://tamil.newsbytesapp.com/sitemap/googleNews/sitemap.xml,ta
https://telugu.newsbytesapp.com/sitemap/googleNews/sitemap.xml,te
https://www.maalaimalar.com/sitemap-daily.xml,ml
https://www.maalaimalar.com/sitemap/photo-story-sitemap.xml,ml
https://thesportstak.com/rssfeeds/news-sitemap.xml,en
https://thesportstak.com/visualstories/webstories-sitemap.xml,en
https://www.cnbctv18.com/commonfeeds/v1/cne/sitemap/google-news.xml,en
https://www.cnbctv18.com/commonfeeds/v1/cne/sitemap/monthly-webstory/2026-07-01.xml,en
https://hindi.cnbctv18.com/commonfeeds/v1/cnh/sitemap/google-news.xml,hi
https://hindi.cnbctv18.com/commonfeeds/v1/cnh/sitemap/monthly-webstory/2026-07-01.xml,hi
https://inc42.com/news-sitemap.xml,en
https://entrackr.com/news-sitemap.xml,en
https://www.sachkahoon.com/news-sitemap.xml,hi
https://mayapuri.com/news-sitemap.xml,hi
https://10tv.in/news-sitemap.xml,te
https://www.tv5news.in/news-sitemap-daily.xml,te
https://www.ntnews.com/news-sitemap.xml,te
https://www.hmtvlive.com/news-sitemap-daily.xml,te
https://telugu.samayam.com/staticsitemap/telugu/news/sitemap-48hours.xml,te
https://www.puthiyathalaimurai.com/sitemap/sitemap-daily-2026-07-15.xml,ta
https://www.polimernews.com/sitemap/2026/07/sitemap.xml,ta
https://asomiyapratidin.in/news-sitemap.xml,bn
https://www.indiatv.in/news-sitemap.xml,hi
https://ekhabartoday.com/news-sitemap.xml,hi
https://www.timesnowhindi.com/feeds/tnhindi-google-news-sitemap.xml,hi
https://www.haribhoomi.com/news-sitemap-daily.xml,hi
https://www.hindutamil.in/news_sitemap.xml,ta
